<?xml version="1.0" encoding="UTF-8"?>
<!DOCTYPE mapper
  PUBLIC "-//mybatis.org//DTD Mapper 3.0//EN"
  "http://mybatis.org/dtd/mybatis-3-mapper.dtd">
<mapper namespace="org.kjh.mapper.BoardMapper">
	<insert id="create">
		insert into tbl_board(title,content,writer)
		values(#{title},#{content},#{writer})
	</insert>

	<select id="read" resultType="org.kjh.domain.BoardVO">
		select bno,title,content,writer,regdate,viewcnt
		from tbl_board
		where bno=#{bno}
	</select>
	
	<update id="update">
		update tbl_board set title=#{title}, content=#{content} , writer=#{writer}
		where bno=#{bno}
	</update>
	
	<delete id="delete">
		delete from tbl_board
		where bno=#{bno}
	</delete>
	
	<select id="listAll" resultType="org.kjh.domain.BoardVO">
		<![CDATA[
		select bno,title,content,writer,regdate,viewcnt 
		from tbl_board 
		where bno > 0
		order by bno desc,regdate desc
		]]>
	</select>

















</mapper>